Covariate,Beta,HR,p.val,LB,UB,logLB,logUB
age,0.39542719979354324,1.4850184550099121,0.580258220335144,0.36566342771366306,6.030900671441762,-1.006041965079707,1.7968963646667935
menopause,0.10000625136513973,1.1051778269241932,0.6922308301100547,0.6735599170883928,1.813376951533463,-0.39517832333464886,0.5951908260649283
hormone,-0.265162173859783,0.7670815393140509,0.11579962066490099,0.551215993742943,1.0674836990140346,-0.5956285434791534,0.06530419575958714
size,1.5495356369549902,4.709282857845975,0.006103386577945737,1.5558283312115828,14.254365080195969,0.44200809268488644,2.657063181225094
grade,0.42747956677807253,1.5333878472941036,0.0033578958973239045,1.1523583263985278,2.0404055200240614,0.14181056112948587,0.7131485724266592
nodes,0.05294174054465166,1.054368216411947,2.767262497855883e-8,1.0348580277248138,1.0742462308804044,0.03426424602811878,0.0716192350611845
prog_recp,-12.725738283541551,2.973596831398406e-6,6.341417439027162e-6,1.1856531801366348e-8,7.457727321815681e-4,-18.250386914357616,-7.201089652725487
estrg_recp,-0.32452245991457407,0.7228724718135751,0.6039358608332986,0.21211004582951193,2.4635542765658274,-1.5506500548862014,0.9016051350570532
